Track Name,Category,Exam Name,Conducting Body,Question Count,Completed Years,Pending Years,Status
Banking Track,Banking,IBPS PO,IBPS,88,"2026, 2025, 2024, 2023, 2022, 2021, 2020, 2019, 2018, 2017, 2016, 2013, 2012","2015, 2014",86.7% Synced
Banking Track,Banking,IBPS Clerk,IBPS,88,"2026, 2025, 2024, 2023, 2022, 2021, 2020, 2019, 2018, 2017, 2016, 2013, 2012","2015, 2014",86.7% Synced
Banking Track,Banking,IBPS RRB Officer Scale I (PO),IBPS,88,"2026, 2025, 2024, 2023, 2022, 2021, 2020, 2019, 2018, 2017, 2016, 2013, 2012","2015, 2014",86.7% Synced
Banking Track,Banking,IBPS RRB Office Assistant (Clerk),IBPS,88,"2026, 2025, 2024, 2023, 2022, 2021, 2020, 2019, 2018, 2017, 2016, 2013, 2012","2015, 2014",86.7% Synced
Banking Track,Banking,IBPS Specialist Officer (SO),IBPS,88,"2026, 2025, 2024, 2023, 2022, 2021, 2020, 2019, 2018, 2017, 2016, 2013, 2012","2015, 2014",86.7% Synced
Banking Track,Banking,SBI PO,State Bank of India (SBI),42,"2026, 2025, 2024, 2023, 2022, 2021, 2018, 2016","2020, 2019, 2017, 2015, 2014, 2013, 2012",57.1% Synced
Banking Track,Banking,SBI Clerk,SBI,42,"2026, 2025, 2024, 2023, 2022, 2021, 2018, 2016","2020, 2019, 2017, 2015, 2014, 2013, 2012",57.1% Synced
Banking Track,Banking,RBI Grade B,Reserve Bank of India (RBI),0,N/A,"2025, 2024, 2023, 2022, 2021, 2020, 2019, 2018, 2017, 2016, 2015, 2014, 2013, 2012",Not Started
Banking Track,Banking,RBI Assistant,RBI,0,N/A,,Not Started
Banking Track,Banking,NABARD Grade A,NABARD,0,N/A,,Not Started
Banking Track,Banking,NABARD Grade B,NABARD,0,N/A,,Not Started
Banking Track,Banking,SIDBI Grade A,SIDBI,0,N/A,,Not Started
Banking Track,Banking,EXIM Bank Recruitment,EXIM Bank,0,N/A,,Not Started
Banking Track,Banking,IPPB / Regional Rural Bank (RBI-linked) Recruitment - Variant 4,IPPB / RRBs,0,N/A,,Not Started
Banking Track,Banking,IPPB / Regional Rural Bank (RBI-linked) Recruitment - Variant 1,IPPB / RRBs,0,N/A,,Not Started
Banking Track,Banking,IPPB / Regional Rural Bank (RBI-linked) Recruitment - Variant 5,IPPB / RRBs,0,N/A,,Not Started
Banking Track,Banking,IPPB / Regional Rural Bank (RBI-linked) Recruitment - Variant 2,IPPB / RRBs,0,N/A,,Not Started
